strategy,adversary_success,trials,success_rate,mitigation_rate
latest_max,2,12,0.16666666666666666,0.8333333333333334
most_freq,6,17,0.35294117647058826,0.6470588235294117
