strategy,adversary_success,trials,success_rate,mitigation_rate
latest_max,2,11,0.18181818181818182,0.8181818181818181
most_freq,1,17,0.058823529411764705,0.9411764705882353
