effect_strength,threshold_pct,n_detected,evaluable,replicated,replication_rate
55,53.0,120,114,84,0.7368421052631579
60,53.0,166,156,141,0.9038461538461539
65,53.0,178,168,163,0.9702380952380952
70,53.0,180,170,166,0.9764705882352941
75,53.0,180,170,166,0.9764705882352941
80,53.0,181,171,168,0.9824561403508771
85,53.0,181,171,168,0.9824561403508771
90,53.0,181,171,168,0.9824561403508771
95,53.0,181,171,168,0.9824561403508771
