effect_strength,threshold_pct,n_detected,evaluable,n_clusters,replication_rate,rate_lo,rate_hi,same_model_baseline,base_lo,base_hi
55,53.0,120,114,17,0.7368421052631579,0.6170124113475177,0.8508862548934318,0.7402390350877193,0.7016855429687501,0.7786127117855147
60,53.0,166,156,17,0.9038461538461539,0.8301855962510791,0.967121179966044,0.8338477564102563,0.7944592786124614,0.8721068265561259
65,53.0,178,168,17,0.9702380952380952,0.9310290609412275,1.0,0.907077380952381,0.8680902826807874,0.9397114715709903
70,53.0,180,170,17,0.9764705882352941,0.9473684210526315,1.0,0.9502455882352941,0.9270204254518073,0.9703839127218936
75,53.0,180,170,17,0.9764705882352941,0.9482683874825593,1.0,0.9721470588235297,0.9585844726970477,0.9847612712827357
80,53.0,181,171,17,0.9824561403508771,0.9540163444289416,1.0,0.9811739766081872,0.9721910300279331,0.9891940018315017
85,53.0,181,171,17,0.9824561403508771,0.9547958397534668,1.0,0.986921052631579,0.9800112633569995,0.9933649975633528
90,53.0,181,171,17,0.9824561403508771,0.9542791461412151,1.0,0.990248538011696,0.9845086313926457,0.9950200230526283
95,53.0,181,171,17,0.9824561403508771,0.953757225433526,1.0,0.9921944444444445,0.9871684185871393,0.9964190138123403
