strategy,adversary_success,trials,success_rate,mitigation_rate
latest_max,2,13,0.15384615384615385,0.8461538461538461
most_freq,7,17,0.4117647058823529,0.5882352941176471
