strategy,adversary_success,trials,success_rate,mitigation_rate
latest_max,3,11,0.2727272727272727,0.7272727272727273
most_freq,1,17,0.058823529411764705,0.9411764705882353
