threshold,hacked_cells,evaluable,prevented,mitigation_rate
1.0,72,71,44,0.6197183098591549
1.5,37,36,25,0.6944444444444444
2.0,37,36,25,0.6944444444444444
2.5,23,23,17,0.7391304347826086
3.0,23,23,17,0.7391304347826086
3.5,13,13,13,1.0
4.0,13,13,13,1.0
4.5,9,9,9,1.0
5.0,9,9,9,1.0
5.5,8,8,8,1.0
6.0,8,8,8,1.0
6.5,5,5,5,1.0
7.0,5,5,5,1.0
7.5,5,5,5,1.0
8.0,5,5,5,1.0
8.5,3,3,3,1.0
9.0,3,3,3,1.0
9.5,3,3,3,1.0
10.0,3,3,3,1.0
